respondent_id,region,nps,csat,task_success
R0001,华东,8,5,是
R0002,华东,7,4,是
R0003,华东,8,3,是
R0004,华东,5,5,是
R0005,华东,9,2,是
R0006,华东,7,3,是
R0007,华东,9,4,是
R0008,华东,9,5,是
R0009,华东,10,5,是
R0010,华东,10,2,是
R0011,华东,10,4,否
R0012,华东,8,3,是
R0013,华东,5,5,是
R0014,华东,5,4,是
R0015,华东,6,4,否
R0016,华东,8,5,是
R0017,华东,7,5,是
R0018,华东,10,3,是
R0019,华东,9,4,是
R0020,华东,9,5,否
R0021,华东,7,3,是
R0022,华东,10,5,是
R0023,华东,9,3,是
R0024,华东,6,3,是
R0025,华东,7,3,是
R0026,华东,7,3,是
R0027,华东,4,3,是
R0028,华东,10,5,是
R0029,华东,9,4,是
R0030,华东,8,2,是
R0031,华东,10,5,是
R0032,华东,5,4,否
R0033,华东,9,4,是
R0034,华东,6,5,是
R0035,华东,10,5,否
R0036,华东,4,4,是
R0037,华东,7,5,是
R0038,华东,1,5,是
R0039,华东,8,3,是
R0040,华东,10,4,是
R0041,华东,6,4,是
R0042,华东,10,4,是
R0043,华东,5,4,是
R0044,华东,6,2,是
R0045,华东,8,5,是
R0046,华东,8,4,是
R0047,华东,9,4,否
R0048,华东,9,3,是
R0049,华东,6,4,是
R0050,华东,7,3,否
R0051,华东,6,4,是
R0052,华东,9,5,是
R0053,华东,6,5,是
R0054,华东,7,5,是
R0055,华东,10,4,是
R0056,华东,6,4,是
R0057,华东,8,5,是
R0058,华东,6,4,是
R0059,华东,5,5,是
R0060,华东,8,4,是
