respondent_id,scope,nps,csat,task_success
R0001,注册流程,8,5,是
R0002,注册流程,7,4,是
R0003,注册流程,8,3,是
R0004,注册流程,5,5,是
R0005,注册流程,9,2,是
R0006,注册流程,7,3,是
R0007,注册流程,9,4,是
R0008,注册流程,9,5,是
R0009,注册流程,10,5,是
R0010,注册流程,10,2,是
R0011,注册流程,10,4,否
R0012,注册流程,8,3,是
R0013,注册流程,5,5,是
R0014,注册流程,5,4,是
R0015,注册流程,6,4,否
R0016,注册流程,8,5,是
R0017,注册流程,7,5,是
R0018,注册流程,10,3,是
R0019,注册流程,9,4,是
R0020,注册流程,9,5,否
R0021,注册流程,7,3,是
R0022,注册流程,10,5,是
R0023,注册流程,9,3,是
R0024,注册流程,6,3,是
R0025,注册流程,7,3,是
R0026,注册流程,7,3,是
R0027,注册流程,4,3,是
R0028,注册流程,10,5,是
R0029,注册流程,9,4,是
R0030,注册流程,8,2,是
R0031,注册流程,10,5,是
R0032,注册流程,5,4,否
R0033,注册流程,9,4,是
R0034,注册流程,6,5,是
R0035,注册流程,10,5,否
R0036,注册流程,4,4,是
R0037,注册流程,7,5,是
R0038,注册流程,1,5,是
R0039,注册流程,8,3,是
R0040,注册流程,10,4,是
R0041,注册流程,6,4,是
R0042,注册流程,10,4,是
R0043,注册流程,5,4,是
R0044,注册流程,6,2,是
R0045,注册流程,8,5,是
R0046,注册流程,8,4,是
R0047,注册流程,9,4,否
R0048,注册流程,9,3,是
R0049,注册流程,6,4,是
R0050,注册流程,7,3,否
R0051,注册流程,6,4,是
R0052,注册流程,9,5,是
R0053,注册流程,6,5,是
R0054,注册流程,7,5,是
R0055,注册流程,10,4,是
R0056,注册流程,6,4,是
R0057,注册流程,8,5,是
R0058,注册流程,6,4,是
R0059,注册流程,5,5,是
R0060,注册流程,8,4,是
R0061,注册流程,4,3,是
R0062,注册流程,5,3,是
R0063,注册流程,8,4,是
R0064,注册流程,3,4,是
R0065,注册流程,4,5,否
R0066,注册流程,8,4,是
R0067,注册流程,9,3,否
R0068,注册流程,4,5,是
R0069,注册流程,8,4,是
R0070,注册流程,10,5,是
R0071,注册流程,6,5,是
R0072,注册流程,10,4,是
R0073,注册流程,3,4,是
R0074,注册流程,10,5,是
R0075,注册流程,8,5,是
R0076,注册流程,6,4,是
R0077,注册流程,8,4,是
R0078,注册流程,8,5,是
R0079,注册流程,7,2,否
R0080,注册流程,7,3,否
R0081,注册流程,10,3,是
R0082,注册流程,9,5,是
R0083,注册流程,5,3,是
R0084,注册流程,7,3,是
R0085,注册流程,9,4,是
R0086,注册流程,5,2,是
R0087,注册流程,10,5,是
R0088,注册流程,10,3,是
R0089,注册流程,7,4,是
R0090,注册流程,10,4,是
R0091,注册流程,8,5,是
R0092,注册流程,9,4,是
R0093,注册流程,10,3,是
R0094,注册流程,6,3,是
R0095,注册流程,4,5,是
R0096,注册流程,8,4,是
R0097,注册流程,7,3,是
R0098,注册流程,6,5,是
R0099,注册流程,7,4,是
R0100,注册流程,6,4,是
R0101,注册流程,6,5,是
R0102,注册流程,9,4,是
R0103,注册流程,9,3,是
R0104,注册流程,9,4,是
R0105,注册流程,8,3,是
R0106,注册流程,9,3,是
R0107,注册流程,6,4,是
R0108,注册流程,9,4,是
R0109,注册流程,7,4,是
R0110,注册流程,6,3,是
R0111,注册流程,8,5,是
R0112,注册流程,5,5,是
R0113,注册流程,7,2,是
R0114,注册流程,5,4,是
R0115,注册流程,7,4,否
R0116,注册流程,8,3,是
R0117,注册流程,10,5,是
R0118,注册流程,8,5,是
R0119,注册流程,9,5,否
R0120,注册流程,6,5,是
R0121,注册流程,10,2,是
R0122,注册流程,10,3,是
R0123,注册流程,8,5,是
R0124,注册流程,10,4,是
R0125,注册流程,7,3,否
R0126,注册流程,6,3,是
R0127,注册流程,9,3,是
R0128,注册流程,8,4,是
R0129,注册流程,5,4,是
R0130,注册流程,9,4,是
R0131,注册流程,10,4,是
R0132,注册流程,9,3,是
R0133,注册流程,10,5,是
R0134,注册流程,5,5,是
R0135,注册流程,6,4,是
R0136,注册流程,8,4,是
R0137,注册流程,9,4,是
R0138,注册流程,7,5,是
R0139,注册流程,9,4,是
R0140,注册流程,7,5,是
R0141,注册流程,7,3,是
R0142,注册流程,8,5,是
R0143,注册流程,4,4,是
R0144,注册流程,10,3,是
R0145,注册流程,9,3,是
R0146,注册流程,7,4,是
R0147,注册流程,8,3,是
R0148,注册流程,4,4,是
R0149,注册流程,5,2,否
R0150,注册流程,10,5,是
R0151,注册流程,6,4,是
R0152,注册流程,7,4,是
R0153,注册流程,9,5,是
R0154,注册流程,6,4,是
R0155,注册流程,7,5,是
R0156,注册流程,4,4,是
R0157,注册流程,7,4,是
R0158,注册流程,9,5,是
R0159,注册流程,10,5,否
R0160,注册流程,8,4,是
R0161,注册流程,8,3,是
R0162,注册流程,7,5,是
R0163,注册流程,7,4,是
R0164,注册流程,8,5,否
R0165,注册流程,10,4,否
R0166,注册流程,9,2,是
R0167,注册流程,5,4,否
R0168,注册流程,5,4,是
R0169,注册流程,6,5,否
R0170,注册流程,8,1,是
R0171,注册流程,8,4,是
R0172,注册流程,6,4,是
R0173,注册流程,9,5,是
R0174,注册流程,6,3,是
R0175,注册流程,6,5,是
R0176,注册流程,8,5,是
R0177,注册流程,6,3,是
R0178,注册流程,8,5,是
R0179,注册流程,9,5,是
R0180,注册流程,8,5,是
R0181,注册流程,7,4,是
R0182,注册流程,8,4,是
R0183,注册流程,10,5,是
R0184,注册流程,9,4,是
R0185,注册流程,5,5,否
R0186,注册流程,3,5,是
R0187,注册流程,7,4,否
R0188,注册流程,10,3,是
R0189,注册流程,7,5,是
R0190,注册流程,8,5,是
R0191,注册流程,6,3,是
R0192,注册流程,5,4,是
R0193,注册流程,3,4,是
R0194,注册流程,5,2,是
R0195,注册流程,10,3,否
R0196,注册流程,10,3,是
R0197,注册流程,5,4,是
R0198,注册流程,6,5,是
R0199,注册流程,6,4,否
R0200,注册流程,8,5,否
R0201,注册流程,5,4,否
R0202,注册流程,7,4,是
R0203,注册流程,6,3,是
R0204,注册流程,7,3,是
R0205,注册流程,9,4,是
R0206,注册流程,8,3,是
R0207,注册流程,8,5,是
R0208,注册流程,7,4,是
R0209,注册流程,10,3,是
R0210,注册流程,7,5,是
R0211,注册流程,9,4,是
R0212,注册流程,7,5,是
R0213,注册流程,6,2,是
R0214,注册流程,10,3,是
R0215,注册流程,5,5,是
R0216,注册流程,10,4,是
R0217,注册流程,8,4,是
R0218,注册流程,8,5,是
R0219,注册流程,6,4,是
R0220,注册流程,6,3,是
R0221,注册流程,8,5,是
R0222,注册流程,10,2,是
R0223,注册流程,10,4,是
R0224,注册流程,9,5,是
R0225,注册流程,8,4,是
R0226,注册流程,9,3,是
R0227,注册流程,8,5,是
R0228,注册流程,5,3,是
R0229,注册流程,6,4,否
R0230,注册流程,7,4,是
R0231,注册流程,6,4,是
R0232,注册流程,7,3,否
R0233,注册流程,7,3,是
R0234,注册流程,10,3,是
R0235,注册流程,7,2,是
R0236,注册流程,10,4,是
R0237,注册流程,5,4,是
R0238,注册流程,6,4,是
R0239,注册流程,10,4,是
R0240,注册流程,10,5,否
R0241,转账流程,9,4,是
R0242,转账流程,4,4,否
R0243,转账流程,10,5,是
R0244,转账流程,8,4,是
R0245,转账流程,7,3,是
R0246,转账流程,10,3,否
R0247,转账流程,7,3,是
R0248,转账流程,4,5,否
R0249,转账流程,5,3,否
R0250,转账流程,4,3,否
R0251,转账流程,4,3,是
R0252,转账流程,2,3,是
R0253,转账流程,7,5,是
R0254,转账流程,5,3,是
R0255,转账流程,6,4,是
R0256,转账流程,9,5,否
R0257,转账流程,5,4,是
R0258,转账流程,7,4,是
R0259,转账流程,6,3,是
R0260,转账流程,8,4,是
R0261,转账流程,6,1,否
R0262,转账流程,7,3,否
R0263,转账流程,9,2,否
R0264,转账流程,5,3,是
R0265,转账流程,6,3,是
R0266,转账流程,7,3,是
R0267,转账流程,5,2,否
R0268,转账流程,9,5,是
R0269,转账流程,6,5,是
R0270,转账流程,5,4,否
R0271,转账流程,9,2,是
R0272,转账流程,6,5,否
R0273,转账流程,7,5,是
R0274,转账流程,8,5,是
R0275,转账流程,6,3,否
R0276,转账流程,9,4,是
R0277,转账流程,2,3,否
R0278,转账流程,6,1,是
R0279,转账流程,7,2,是
R0280,转账流程,10,5,是
R0281,转账流程,8,4,是
R0282,转账流程,9,5,是
R0283,转账流程,9,3,是
R0284,转账流程,8,3,否
R0285,转账流程,4,3,是
R0286,转账流程,2,2,是
R0287,转账流程,5,5,是
R0288,转账流程,8,4,是
R0289,转账流程,5,4,是
R0290,转账流程,10,5,否
R0291,转账流程,6,2,是
R0292,转账流程,8,3,是
R0293,转账流程,6,3,是
R0294,转账流程,7,3,否
R0295,转账流程,6,4,是
R0296,转账流程,6,5,是
R0297,转账流程,6,4,否
R0298,转账流程,8,3,否
R0299,转账流程,4,4,是
R0300,转账流程,8,3,是
R0301,转账流程,9,3,是
R0302,转账流程,3,3,是
R0303,转账流程,8,4,否
R0304,转账流程,5,3,是
R0305,转账流程,6,3,是
R0306,转账流程,10,3,否
R0307,转账流程,7,3,是
R0308,转账流程,10,5,是
R0309,转账流程,5,2,否
R0310,转账流程,6,3,是
R0311,转账流程,9,5,是
R0312,转账流程,6,4,是
R0313,转账流程,6,4,是
R0314,转账流程,5,5,是
R0315,转账流程,7,2,是
R0316,转账流程,8,5,否
R0317,转账流程,9,3,否
R0318,转账流程,5,2,是
R0319,转账流程,7,3,是
R0320,转账流程,6,5,否
R0321,转账流程,6,3,是
R0322,转账流程,6,5,否
R0323,转账流程,7,3,是
R0324,转账流程,8,5,是
R0325,转账流程,6,3,是
R0326,转账流程,6,4,是
R0327,转账流程,9,4,是
R0328,转账流程,7,4,是
R0329,转账流程,6,5,否
R0330,转账流程,6,4,是
R0331,转账流程,7,4,否
R0332,转账流程,10,4,否
R0333,转账流程,8,4,是
R0334,转账流程,8,3,是
R0335,转账流程,5,4,是
R0336,转账流程,8,3,否
R0337,转账流程,8,1,是
R0338,转账流程,8,4,是
R0339,转账流程,6,3,是
R0340,转账流程,2,4,是
R0341,转账流程,6,5,是
R0342,转账流程,6,2,是
R0343,转账流程,5,4,是
R0344,转账流程,4,5,是
R0345,转账流程,10,4,是
R0346,转账流程,10,4,否
R0347,转账流程,2,4,是
R0348,转账流程,8,2,是
R0349,转账流程,3,5,是
R0350,转账流程,10,4,是
R0351,转账流程,6,4,是
R0352,转账流程,6,3,是
R0353,转账流程,3,3,否
R0354,转账流程,7,2,否
R0355,转账流程,4,5,是
R0356,转账流程,10,3,是
R0357,转账流程,4,4,是
R0358,转账流程,7,3,是
R0359,转账流程,7,2,是
R0360,转账流程,10,3,是
R0361,转账流程,4,4,是
R0362,转账流程,10,5,是
R0363,转账流程,5,2,是
R0364,转账流程,8,4,是
R0365,转账流程,3,4,是
R0366,转账流程,7,3,否
R0367,转账流程,7,3,是
R0368,转账流程,9,3,否
R0369,转账流程,6,4,是
R0370,转账流程,6,4,是
R0371,转账流程,6,2,是
R0372,转账流程,8,5,是
R0373,转账流程,7,4,是
R0374,转账流程,5,3,是
R0375,转账流程,8,4,是
R0376,转账流程,7,5,是
R0377,转账流程,4,4,是
R0378,转账流程,6,3,是
R0379,转账流程,3,5,否
R0380,转账流程,6,3,是
R0381,转账流程,7,5,否
R0382,转账流程,7,3,是
R0383,转账流程,9,5,否
R0384,转账流程,4,3,否
R0385,转账流程,10,2,是
R0386,转账流程,0,4,是
R0387,转账流程,8,5,是
R0388,转账流程,5,5,是
R0389,转账流程,8,4,否
R0390,转账流程,7,2,否
R0391,转账流程,8,4,是
R0392,转账流程,7,3,是
R0393,转账流程,9,5,是
R0394,转账流程,7,5,是
R0395,转账流程,10,4,是
R0396,转账流程,8,4,是
R0397,转账流程,4,2,是
R0398,转账流程,10,4,否
R0399,转账流程,5,5,是
R0400,转账流程,8,5,是
R0401,转账流程,9,5,否
R0402,转账流程,8,4,是
R0403,转账流程,6,4,是
R0404,转账流程,9,3,否
R0405,转账流程,4,4,是
R0406,转账流程,6,3,否
R0407,转账流程,9,3,否
R0408,转账流程,7,5,否
R0409,转账流程,5,2,是
R0410,转账流程,7,4,是
R0411,转账流程,7,5,是
R0412,转账流程,5,4,是
R0413,转账流程,6,1,是
R0414,转账流程,2,3,是
R0415,转账流程,6,3,是
R0416,转账流程,5,5,否
R0417,转账流程,6,4,是
R0418,转账流程,3,4,是
R0419,转账流程,8,4,是
R0420,转账流程,8,3,是
R0421,转账流程,4,5,是
R0422,转账流程,8,2,是
R0423,转账流程,6,1,是
R0424,转账流程,8,5,是
R0425,转账流程,7,3,否
R0426,转账流程,4,3,否
R0427,转账流程,9,3,是
R0428,转账流程,9,4,否
R0429,转账流程,2,3,否
R0430,转账流程,7,3,是
R0431,转账流程,8,3,是
R0432,转账流程,7,4,否
R0433,转账流程,10,3,是
R0434,转账流程,10,3,是
R0435,转账流程,7,5,是
R0436,转账流程,10,3,是
R0437,转账流程,3,5,是
R0438,转账流程,4,4,是
R0439,转账流程,3,3,是
R0440,转账流程,7,3,否
R0441,转账流程,8,4,否
R0442,转账流程,4,4,是
R0443,转账流程,7,3,是
R0444,转账流程,7,4,否
R0445,转账流程,3,2,是
R0446,转账流程,7,4,是
R0447,转账流程,6,5,否
R0448,转账流程,3,4,否
R0449,转账流程,7,1,是
R0450,转账流程,5,2,是
R0451,理财购买,5,1,是
R0452,理财购买,7,5,是
R0453,理财购买,9,3,是
R0454,理财购买,4,2,是
R0455,理财购买,6,2,否
R0456,理财购买,7,3,是
R0457,理财购买,4,1,是
R0458,理财购买,8,3,是
R0459,理财购买,9,4,是
R0460,理财购买,4,4,是
R0461,理财购买,7,3,是
R0462,理财购买,7,2,是
R0463,理财购买,4,3,是
R0464,理财购买,6,5,是
R0465,理财购买,8,4,否
R0466,理财购买,7,3,否
R0467,理财购买,6,2,是
R0468,理财购买,4,2,是
R0469,理财购买,3,3,是
R0470,理财购买,10,3,是
R0471,理财购买,2,3,否
R0472,理财购买,7,2,否
R0473,理财购买,1,4,是
R0474,理财购买,7,3,是
R0475,理财购买,2,3,是
R0476,理财购买,6,3,是
R0477,理财购买,5,3,是
R0478,理财购买,4,4,是
R0479,理财购买,5,4,是
R0480,理财购买,3,4,是
R0481,理财购买,3,3,是
R0482,理财购买,4,4,是
R0483,理财购买,8,3,是
R0484,理财购买,5,3,是
R0485,理财购买,6,3,是
R0486,理财购买,6,2,是
R0487,理财购买,9,2,是
R0488,理财购买,5,1,是
R0489,理财购买,4,3,是
R0490,理财购买,4,3,否
R0491,理财购买,9,1,是
R0492,理财购买,6,3,是
R0493,理财购买,3,2,是
R0494,理财购买,4,2,是
R0495,理财购买,5,4,是
R0496,理财购买,3,1,是
R0497,理财购买,7,3,是
R0498,理财购买,5,3,是
R0499,理财购买,7,3,是
R0500,理财购买,6,3,是
R0501,理财购买,6,3,否
R0502,理财购买,6,3,是
R0503,理财购买,5,3,是
R0504,理财购买,3,3,是
R0505,理财购买,9,1,是
R0506,理财购买,4,3,是
R0507,理财购买,5,5,是
R0508,理财购买,7,2,是
R0509,理财购买,5,4,是
R0510,理财购买,6,3,否
R0511,理财购买,7,4,是
R0512,理财购买,6,1,否
R0513,理财购买,3,5,是
R0514,理财购买,7,3,是
R0515,理财购买,8,3,是
R0516,理财购买,2,4,是
R0517,理财购买,7,2,是
R0518,理财购买,7,2,是
R0519,理财购买,5,5,是
R0520,理财购买,4,3,是
R0521,理财购买,4,1,是
R0522,理财购买,6,3,是
R0523,理财购买,10,1,是
R0524,理财购买,7,2,是
R0525,理财购买,5,3,否
R0526,理财购买,4,3,是
R0527,理财购买,5,3,是
R0528,理财购买,7,4,是
R0529,理财购买,6,4,是
R0530,理财购买,5,3,是
R0531,理财购买,9,3,否
R0532,理财购买,3,2,是
R0533,理财购买,3,3,是
R0534,理财购买,4,3,否
R0535,理财购买,7,3,否
R0536,理财购买,3,3,是
R0537,理财购买,4,3,否
R0538,理财购买,4,3,是
R0539,理财购买,5,2,否
R0540,理财购买,4,2,否
